videos_in_channel	channels
1	13885
2	3253
3	1517
4	956
5	602
6	473
7	358
8	265
9	237
10	164
11	137
12	129
13	113
14	93
15	90
16	79
17	61
18	54
19	55
20	49
21	41
22	41
23	34
24	19
25	30
26	29
27	21
28	26
29	17
30	21
31	12
32	15
33	13
34	15
35	13
36	11
37	12
38	11
39	13
40	10
41	14
42	6
43	11
44	8
45	8
46	2
47	7
48	6
49	5
50	7
51	7
52	4
53	5
54	3
55	6
56	9
57	7
58	9
59	11
60	1
61	3
62	1
63	4
64	4
65	2
66	5
67	9
68	4
69	1
70	3
71	2
72	1
73	3
74	3
75	6
76	3
77	3
78	3
79	1
80	7
81	1
82	3
83	2
84	1
85	4
86	2
87	3
88	1
90	2
91	2
92	3
94	2
95	1
96	2
98	1
99	1
100	1
103	2
105	1
106	1
107	1
108	1
109	2
110	1
111	3
112	1
113	1
114	1
115	1
117	1
118	1
119	1
120	1
121	2
123	2
124	4
126	1
127	1
128	1
129	2
131	2
132	1
133	1
136	1
138	1
140	1
142	1
144	1
149	1
154	2
155	1
156	1
158	1
159	2
160	1
165	1
168	1
174	1
178	1
179	1
187	1
194	1
198	1
215	1
216	1
219	1
237	1
250	1
276	1
321	1
325	1
392	1
491	1
494	1
547	1
558	1
599	1
603	1
654	1
672	1
686	1
738	1
838	1
1670	1
1986	1
NO_CHANNEL_ID	9597
